Added restaurant, 2021-05-07 20:53:04.029
Added client, 2021-05-07 20:53:04.047
Added driver, 2021-05-07 20:53:04.073
Added to cart, 2021-05-07 21:17:24.989
Added restaurant, 2021-05-07 21:23:55.426
Added restaurant, 2021-05-07 21:26:31.806
Added client, 2021-05-07 21:26:31.824
Added restaurant, 2021-05-07 21:27:01.511
Added client, 2021-05-07 21:27:01.528
Added driver, 2021-05-07 21:27:01.552
Added to cart, 2021-05-07 21:27:01.563
Added restaurant, 2021-05-07 21:46:52.222
Added client, 2021-05-07 21:46:52.24
Added driver, 2021-05-07 21:46:52.264
Added to cart, 2021-05-07 21:46:52.272
Added restaurant, 2021-05-27 17:00:13.408
Added client, 2021-05-27 17:00:13.424
Added driver, 2021-05-27 17:00:13.448
Added to cart, 2021-05-27 17:00:13.456
Added restaurant, 2021-05-28 08:13:04.543
Added client, 2021-05-28 08:13:04.55
Added driver, 2021-05-28 08:13:04.564
Added to cart, 2021-05-28 08:13:04.568
Added restaurant, 2021-05-28 09:14:21.409
